PLAYER,TEAM,POSITION,PTS,FG%,3P%,OREB,DREB,AST,STL,BLK,+/-,AST%,AST/TO,OREB%,DREB%,TO RATIO,TS%,USG%,PIE
James Harden,HOU,G,36.1,44.2,36.8,0.8,5.8,7.5,2.0,0.7,4.6,39.4,1.51,2.3,15.7,12.0,61.6,39.6,20.1
Paul George,OKC,F,28.0,43.8,38.6,1.4,6.8,4.1,2.2,0.4,6.4,17.3,1.55,3.3,17.3,8.7,58.3,28.5,16.1
Giannis Antetokounmpo,MIL,F,27.7,57.8,25.6,2.2,10.3,5.9,1.3,1.5,9.1,29.4,1.58,6.6,27.3,12.0,64.4,31.4,21.8
Joel Embiid,PHI,F-C,27.5,48.4,30.0,2.5,11.1,3.7,0.7,1.9,5.8,18.5,1.04,7.5,29.2,11.6,59.3,32.7,19.6
LeBron James,LAL,F,27.4,51.0,33.9,1.0,7.4,8.3,1.3,0.6,2.1,37.6,2.3,2.9,19.3,10.2,58.8,31.1,18.8
Stephen Curry,GSW,G,27.3,47.2,43.7,0.7,4.7,5.2,1.3,0.4,10.0,22.5,1.88,2.0,12.2,9.6,64.1,29.2,15.2
Kawhi Leonard,TOR,F,26.6,49.6,37.1,1.3,6.0,3.3,1.8,0.4,5.9,15.9,1.64,3.9,16.5,7.4,60.6,30.0,17.2
Devin Booker,PHX,G,26.6,46.7,32.6,0.6,3.5,6.8,0.9,0.2,-5.2,32.7,1.64,1.7,9.9,12.3,58.4,32.0,13.4
Kevin Durant,GSW,F,26.0,52.1,35.3,0.4,5.9,5.9,0.7,1.1,8.4,25.1,2.03,1.3,15.3,9.8,63.1,28.3,16.2
Anthony Davis,NOP,F-C,25.9,51.7,33.1,3.1,8.9,3.9,1.6,2.4,2.4,18.6,1.95,8.9,24.9,7.3,59.7,28.8,19.7
Damian Lillard,POR,G,25.8,44.4,36.9,0.9,3.8,6.9,1.1,0.4,6.2,29.9,2.6,2.3,10.0,8.5,58.8,28.1,15.5
Kemba Walker,CHA,G,25.6,43.4,35.6,0.6,3.8,5.9,1.2,0.4,0.4,28.7,2.29,1.7,10.6,8.2,55.8,30.8,14.0
Bradley Beal,WAS,G,25.6,47.5,35.1,1.1,3.9,5.5,1.5,0.7,-1.4,23.3,2.0,2.8,10.4,9.1,58.1,27.7,12.8
Blake Griffin,DET,F,24.5,46.2,36.2,1.3,6.2,5.4,0.7,0.4,0.5,26.8,1.59,3.6,18.2,11.3,58.1,29.6,15.3
Karl-Anthony Towns,MIN,C,24.4,51.8,40.0,3.4,9.0,3.4,0.9,1.6,0.7,16.9,1.08,9.7,25.7,12.0,62.2,28.0,17.7
Kyrie Irving,BOS,G,23.8,48.7,40.1,1.1,3.9,6.9,1.5,0.5,5.0,33.0,2.7,3.1,11.3,8.7,59.2,28.6,15.7
Donovan Mitchell,UTA,G,23.8,43.2,36.2,0.8,3.3,4.2,1.4,0.4,4.8,20.9,1.48,2.2,9.3,9.7,53.7,30.9,11.7
Zach LaVine,CHI,G,23.7,46.7,37.4,0.6,4.0,4.5,1.0,0.4,-4.8,22.4,1.32,1.8,11.3,12.0,57.4,29.8,12.5
Russell Westbrook,OKC,G,22.9,42.8,29.0,1.5,9.6,10.7,1.9,0.5,4.0,44.0,2.41,3.6,25.5,11.7,50.1,30.1,16.4
Klay Thompson,GSW,G,21.5,46.7,40.2,0.5,3.4,2.4,1.1,0.6,4.5,10.3,1.62,1.5,8.9,6.5,57.1,25.4,10.3
Julius Randle,NOP,C-F,21.4,52.4,34.4,2.2,6.5,3.1,0.7,0.6,-0.2,15.8,1.1,6.9,19.8,12.0,60.0,27.3,13.7
LaMarcus Aldridge,SAS,C-F,21.3,51.9,23.8,3.1,6.1,2.4,0.5,1.3,1.1,11.5,1.35,9.6,18.0,7.9,57.6,26.8,14.3
DeMar DeRozan,SAS,G,21.2,48.1,15.6,0.7,5.3,6.2,1.1,0.5,0.1,27.7,2.39,2.0,14.7,9.2,54.2,27.7,13.5
Luka Doncic,DAL,F-G,21.2,42.7,32.7,1.2,6.6,6.0,1.1,0.3,-1.6,31.7,1.74,3.6,19.8,11.9,54.5,29.6,14.9
Jrue Holiday,NOP,G,21.2,47.2,32.5,1.1,3.9,7.7,1.6,0.8,3.4,30.8,2.47,3.0,9.9,10.5,55.5,25.0,12.7
D'Angelo Russell,BKN,G,21.1,43.4,36.9,0.7,3.2,7.0,1.2,0.2,0.3,39.2,2.23,2.0,9.9,10.5,53.3,31.1,14.1
Mike Conley,MEM,G,21.1,43.8,36.4,0.6,2.8,6.4,1.3,0.3,0.3,32.7,3.45,1.7,8.8,7.0,56.9,26.2,15.1
CJ McCollum,POR,G,21.0,45.9,37.5,0.9,3.1,3.0,0.8,0.4,5.0,13.3,1.95,2.5,8.7,6.5,55.3,24.8,10.3
Nikola Vucevic,ORL,C,20.8,51.8,36.4,2.8,9.2,3.8,1.0,1.1,2.7,20.8,1.93,8.8,28.6,8.3,57.3,27.6,18.5
John Wall,WAS,G,20.7,44.4,30.2,0.5,3.2,8.7,1.5,0.9,-4.8,39.1,2.31,1.3,8.7,11.7,52.7,28.6,12.3
Buddy Hield,SAC,G,20.7,45.8,42.7,1.3,3.7,2.5,0.7,0.4,0.0,11.7,1.4,3.6,11.0,8.2,58.7,24.3,11.0
Nikola Jokic,DEN,C,20.1,51.1,30.7,2.9,8.0,7.3,1.4,0.7,3.9,36.1,2.34,8.9,24.9,11.4,58.9,27.1,18.8
Tobias Harris,PHI,F,20.0,48.7,39.7,0.8,7.0,2.8,0.6,0.5,0.2,12.6,1.52,2.4,18.8,8.6,59.2,22.5,13.1
Lou Williams,LAC,G,20.0,42.5,36.1,0.5,2.4,5.4,0.8,0.1,2.6,31.8,2.22,1.9,8.1,9.4,55.4,30.8,14.7
Danilo Gallinari,LAC,F,19.8,46.3,43.3,0.8,5.3,2.6,0.7,0.3,1.5,13.4,1.8,2.7,17.1,7.4,63.3,23.7,14.3
John Collins,ATL,F-C,19.5,56.0,34.8,3.6,6.2,2.0,0.4,0.6,-1.2,10.2,1.01,11.2,19.6,10.2,62.7,23.0,13.6
Trae Young,ATL,G,19.1,41.8,32.4,0.8,2.9,8.1,0.9,0.2,-4.1,39.0,2.12,2.4,9.1,12.9,53.9,27.7,11.9
Victor Oladipo,IND,G,18.8,42.3,34.3,0.6,5.0,5.2,1.7,0.3,3.5,25.0,2.27,1.8,15.4,8.9,51.9,27.8,13.0
Lauri Markkanen,CHI,F,18.7,43.0,36.1,1.4,7.6,1.4,0.7,0.6,-3.8,7.0,0.88,4.3,23.4,8.2,55.3,24.5,12.5
Jimmy Butler,PHI,G-F,18.7,46.2,34.7,1.9,3.4,4.0,1.9,0.6,2.5,17.9,2.77,5.4,9.4,6.7,57.1,21.8,12.6
Kyle Kuzma,LAL,F,18.7,45.6,30.3,0.9,4.6,2.5,0.6,0.4,-0.8,11.3,1.34,2.5,12.7,8.8,54.6,23.3,9.6
Khris Middleton,MIL,F,18.3,44.1,37.8,0.6,5.3,4.3,1.0,0.1,7.2,19.4,1.9,2.1,14.9,9.9,55.8,24.6,11.8
Brandon Ingram,LAL,F,18.3,49.7,33.0,0.8,4.3,3.0,0.5,0.6,-1.1,12.7,1.19,2.2,11.3,11.3,55.5,22.7,9.2
Jamal Murray,DEN,G,18.2,43.7,36.7,0.9,3.4,4.8,0.9,0.4,3.3,22.0,2.3,2.6,10.1,8.9,53.8,24.1,10.8
Andrew Wiggins,MIN,F-G,18.1,41.2,33.9,1.1,3.7,2.5,1.0,0.7,-0.9,10.8,1.33,3.1,9.9,8.3,49.3,24.0,7.8
Tim Hardaway Jr.,DAL,G,18.1,39.3,34.0,0.5,2.9,2.4,0.8,0.1,-6.2,12.5,1.51,1.5,9.0,7.7,52.7,24.6,8.5
JJ Redick,PHI,G,18.1,44.0,39.7,0.3,2.2,2.7,0.4,0.2,4.0,12.9,2.04,0.8,6.2,7.1,60.2,20.9,9.9
Derrick Rose,MIN,G,18.0,48.2,37.0,0.6,2.1,4.3,0.6,0.2,0.7,24.4,2.68,2.2,7.0,7.3,55.7,26.1,12.8
T.J. Warren,PHX,F,18.0,48.6,42.8,0.7,3.3,1.5,1.2,0.7,-5.2,7.3,1.23,2.2,10.8,6.7,58.0,22.1,9.9
Bojan Bogdanovic,IND,F,18.0,49.7,42.5,0.4,3.7,2.0,0.9,0.0,2.2,9.5,1.2,1.3,11.3,9.1,61.3,21.9,11.1
Andre Drummond,DET,C,17.3,53.3,13.2,5.4,10.2,1.4,1.7,1.7,2.2,6.8,0.64,15.1,31.1,11.5,55.5,22.6,15.9
De'Aaron Fox,SAC,G,17.3,45.8,37.1,0.5,3.2,7.3,1.6,0.6,0.8,32.2,2.6,1.5,9.5,10.8,54.4,23.8,11.9
Kevin Love,CLE,F-C,17.0,38.5,36.1,1.5,9.4,2.2,0.3,0.2,-2.5,12.5,1.14,5.1,34.4,10.0,56.1,25.9,14.8
Pascal Siakam,TOR,F,16.9,54.9,36.9,1.6,5.3,3.1,0.9,0.7,7.4,14.1,1.61,5.0,15.4,10.5,62.8,20.5,12.4
Ben Simmons,PHI,G-F,16.9,56.3,0.0,2.2,6.6,7.7,1.4,0.8,1.5,34.1,2.23,6.2,17.9,13.5,58.2,21.5,14.5
Jordan Clarkson,CLE,G,16.8,44.8,32.4,1.0,2.3,2.4,0.7,0.2,-4.3,15.3,1.45,3.5,8.7,8.5,53.9,26.6,10.5
Spencer Dinwiddie,BKN,G,16.8,44.2,33.5,0.4,2.1,4.6,0.6,0.3,-1.2,27.2,2.05,1.3,6.9,10.6,58.0,24.2,11.0
Collin Sexton,CLE,G,16.7,43.0,40.2,0.7,2.2,3.0,0.5,0.1,-8.2,15.4,1.31,2.1,7.2,10.6,52.0,24.7,7.3
Clint Capela,HOU,C,16.6,64.8,0.0,4.4,8.2,1.4,0.7,1.5,3.5,7.0,1.02,13.0,24.1,9.1,65.8,18.0,15.6
Montrezl Harrell,LAC,F-C,16.6,61.5,17.6,2.2,4.3,2.0,0.9,1.3,0.7,12.3,1.23,8.5,14.6,9.8,63.6,22.7,14.0
Josh Richardson,MIA,G-F,16.6,41.2,35.7,0.7,2.9,4.1,1.1,0.5,0.9,17.7,2.64,2.0,7.8,7.4,53.6,20.3,9.4
Harrison Barnes,SAC,F,16.4,42.0,39.5,0.7,3.9,1.5,0.6,0.2,-0.7,6.9,1.17,2.1,11.1,7.3,55.0,20.2,8.8
Deandre Ayton,PHX,C,16.3,58.5,0.0,3.1,7.1,1.8,0.9,0.9,-5.4,9.4,0.99,10.1,24.0,10.5,60.8,21.0,13.9
DeMarcus Cousins,GSW,C,16.3,48.0,27.4,1.4,6.8,3.6,1.3,1.5,2.2,20.6,1.49,5.9,23.2,11.8,56.2,28.1,13.9
Eric Gordon,HOU,G,16.2,40.9,36.0,0.3,1.9,1.9,0.6,0.4,5.1,9.0,1.43,0.7,5.9,7.4,54.9,21.5,7.0
Aaron Gordon,ORL,F,16.0,44.9,34.9,1.7,5.7,3.7,0.7,0.7,1.4,16.6,1.78,4.7,16.5,10.1,53.8,21.3,10.9
Eric Bledsoe,MIL,G,15.9,48.4,32.9,1.1,3.6,5.5,1.5,0.4,7.2,26.0,2.61,3.5,10.8,9.9,57.7,22.5,12.5
Rudy Gobert,UTA,C,15.9,66.9,0.0,3.8,9.0,2.0,0.8,2.3,4.7,9.5,1.24,11.7,27.0,10.5,68.2,17.5,17.0
Jayson Tatum,BOS,F,15.7,45.0,37.3,0.9,5.2,2.1,1.1,0.7,4.6,9.8,1.38,2.8,15.7,8.6,54.7,21.8,10.6
Malcolm Brogdon,MIL,G,15.6,50.5,42.6,1.0,3.5,3.2,0.7,0.2,6.6,15.7,2.25,3.5,10.7,8.2,61.4,20.2,12.0
Jusuf Nurkic,POR,C,15.6,50.8,10.3,3.4,7.0,3.2,1.0,1.4,5.9,16.8,1.39,11.9,24.1,12.1,57.0,24.1,14.6
Chris Paul,HOU,G,15.6,41.9,35.8,0.6,3.9,8.2,2.0,0.3,5.2,38.2,3.11,1.9,12.3,10.6,56.0,22.0,13.8
Jonas Valanciunas,MEM,C,15.6,55.9,29.2,2.2,6.4,1.4,0.4,1.1,1.4,10.9,0.78,9.6,26.8,11.5,61.6,27.4,16.9
Dennis Schroder,OKC,G,15.5,41.4,34.1,0.5,3.1,4.1,0.8,0.2,2.1,20.9,1.88,1.5,10.2,10.1,50.8,23.8,9.3
Reggie Jackson,DET,G,15.4,42.1,36.9,0.5,2.1,4.2,0.7,0.1,0.5,24.1,2.32,1.9,7.6,9.1,54.7,23.7,10.0
Jeremy Lamb,CHA,G,15.3,44.0,34.8,0.8,4.7,2.2,1.1,0.4,0.6,11.9,2.15,2.7,15.9,6.0,55.2,22.0,11.8
Kelly Oubre Jr.,PHX,F,15.2,44.5,32.0,1.0,3.7,1.2,1.2,0.9,-4.0,6.7,0.82,3.5,12.6,9.1,55.1,22.3,9.4
Nikola Mirotic,MIL,F,15.2,43.9,36.5,1.3,6.1,1.2,0.7,0.7,2.6,6.1,1.15,4.5,19.8,6.9,58.4,20.6,11.6
Evan Fournier,ORL,G-F,15.1,43.8,34.0,0.5,2.7,3.6,0.9,0.1,1.2,17.0,1.92,1.4,8.6,9.7,53.6,21.7,7.7
Terrence Ross,ORL,G-F,15.1,42.8,38.3,0.3,3.1,1.7,0.9,0.4,0.1,10.3,1.5,1.2,11.3,6.9,56.1,23.0,11.0
Dwyane Wade,MIA,G,15.0,43.3,33.0,1.0,3.0,4.2,0.8,0.5,-0.9,26.4,1.81,3.3,10.6,10.8,51.0,26.9,11.5
Serge Ibaka,TOR,C-F,15.0,52.9,29.0,2.1,6.0,1.3,0.4,1.4,3.5,7.6,0.88,7.8,20.4,9.7,58.2,22.7,12.3
Marvin Bagley III,SAC,F,14.9,50.4,31.3,2.6,5.0,1.0,0.5,1.0,-1.7,6.0,0.63,9.2,18.0,9.9,56.2,23.7,12.4
Emmanuel Mudiay,NYK,G,14.8,44.6,32.9,0.6,2.8,3.9,0.7,0.3,-6.1,24.2,1.63,1.9,9.8,11.8,53.1,24.8,9.8
Jabari Parker,WAS,F,14.5,49.3,31.3,1.2,5.3,2.4,0.7,0.5,-3.2,14.0,1.01,4.5,18.7,13.4,56.0,23.6,11.1
Kyle Lowry,TOR,G,14.2,41.1,34.7,0.6,4.2,8.7,1.4,0.5,8.2,32.9,3.1,1.9,11.4,11.6,56.2,19.1,11.5
Bobby Portis,WAS,F,14.2,44.4,39.3,2.2,5.9,1.4,0.7,0.4,-2.2,8.5,0.97,8.3,22.6,9.1,52.9,24.1,10.6
Bogdan Bogdanovic,SAC,G,14.1,41.8,36.0,0.6,2.9,3.8,1.0,0.2,-0.6,19.9,2.28,1.9,9.8,8.9,53.0,22.0,9.9
Domantas Sabonis,IND,F,14.1,59.0,52.9,2.5,6.8,2.9,0.6,0.4,2.6,18.0,1.33,9.9,26.9,13.4,63.0,22.6,16.2
Marcus Morris Sr.,BOS,F,13.9,44.7,37.5,1.0,5.1,1.5,0.6,0.3,1.0,7.3,1.18,3.5,17.6,8.2,56.8,20.3,9.9
Otto Porter Jr.,CHI,F,13.9,46.5,40.6,1.0,4.6,2.1,1.5,0.6,-0.4,10.0,1.85,3.1,15.3,7.5,56.9,18.5,10.3
Steven Adams,OKC,C,13.9,59.5,0.0,4.9,4.6,1.6,1.5,1.0,4.9,6.3,0.92,12.9,13.3,11.2,59.1,16.0,10.3
Jaren Jackson Jr.,MEM,F-C,13.8,50.6,35.9,1.3,3.4,1.1,0.9,1.4,-1.8,7.4,0.65,4.9,13.2,11.7,59.1,23.1,10.0
Goran Dragic,MIA,G,13.7,41.3,34.8,0.6,2.5,4.8,0.8,0.1,1.2,25.9,2.45,1.9,8.7,9.9,51.7,22.4,9.6
Rudy Gay,SAS,F,13.7,50.4,40.2,0.9,5.9,2.6,0.8,0.5,2.3,14.5,1.6,3.4,20.9,10.3,58.3,21.6,12.8
Joe Harris,BKN,F-G,13.7,50.0,47.4,0.7,3.1,2.4,0.5,0.2,-1.0,11.4,1.5,2.2,9.6,10.9,64.5,16.7,8.9
Caris LeVert,BKN,G,13.7,42.9,31.2,0.9,2.9,3.9,1.1,0.4,-0.3,23.1,2.26,3.0,10.0,9.1,50.9,23.5,10.3
Enes Kanter,POR,C,13.7,54.9,29.4,3.8,6.0,1.7,0.5,0.4,-2.8,12.0,0.98,13.8,24.5,11.8,59.4,21.9,15.2
Jerami Grant,OKC,F,13.6,49.7,39.2,1.2,4.0,1.0,0.8,1.3,3.8,4.0,1.18,3.2,11.8,6.3,59.2,15.0,8.4
Dennis Smith Jr.,NYK,G,13.6,42.8,32.2,0.6,2.3,4.8,1.3,0.4,-2.9,27.8,1.64,2.0,7.5,13.7,50.2,24.2,8.4
Al Horford,BOS,C-F,13.6,53.5,36.0,1.8,5.0,4.2,0.9,1.3,3.8,20.3,2.77,6.2,16.1,8.9,60.5,18.8,13.4
Marc Gasol,TOR,C,13.6,44.8,36.3,1.0,6.9,4.4,1.1,1.1,2.0,22.2,2.25,3.4,22.7,10.4,54.6,21.0,13.1
Taurean Prince,ATL,F,13.5,44.1,39.0,0.4,3.2,2.1,1.0,0.3,-4.4,10.7,1.18,1.3,11.0,11.7,57.5,19.0,7.5
Carmelo Anthony,HOU,F,13.4,40.5,32.8,0.9,4.5,0.5,0.4,0.7,-6.3,2.8,0.63,2.7,15.8,5.6,51.3,19.9,7.4
Myles Turner,IND,C-F,13.3,48.7,38.8,1.4,5.8,1.6,0.8,2.7,1.6,8.3,1.15,4.8,19.5,9.2,56.7,19.9,11.9
Robert Covington,MIN,F,13.3,43.1,37.8,0.8,4.7,1.3,2.1,1.3,1.8,5.5,0.98,2.2,12.7,9.6,58.0,15.4,8.3
Cedi Osman,CLE,F,13.0,42.7,34.8,0.6,4.1,2.6,0.8,0.1,-8.4,12.0,1.71,1.8,13.4,9.3,53.6,18.2,7.5
Jaylen Brown,BOS,G,13.0,46.5,34.4,0.9,3.4,1.4,0.9,0.4,0.9,7.9,1.01,3.2,12.2,9.1,54.7,21.5,8.4
Gary Harris,DEN,G,12.9,42.4,33.9,0.7,2.1,2.2,1.0,0.3,4.0,11.0,1.87,2.4,7.0,7.6,52.6,19.5,7.6
Kevin Knox II,NYK,F,12.8,37.0,34.3,0.8,3.7,1.1,0.6,0.3,-8.5,6.0,0.72,2.5,12.0,9.4,47.5,21.9,5.5
Ricky Rubio,UTA,G,12.7,40.4,31.1,0.5,3.1,6.1,1.3,0.1,3.7,31.3,2.31,1.7,10.7,12.7,52.0,22.1,10.3
Thaddeus Young,IND,F,12.6,52.7,34.9,2.4,4.1,2.5,1.5,0.4,1.7,12.0,1.66,7.8,13.2,10.0,56.9,17.9,10.4
Paul Millsap,DEN,F,12.6,48.4,36.5,2.2,5.0,2.0,1.2,0.8,4.9,10.4,1.48,7.8,18.2,9.4,57.0,19.1,11.3
Justise Winslow,MIA,F-G,12.6,43.3,37.5,1.0,4.4,4.3,1.1,0.3,1.8,21.3,1.99,3.1,14.1,11.5,51.3,20.6,9.7
Trevor Ariza,WAS,F,12.5,39.9,33.4,0.7,4.7,3.7,1.3,0.3,-4.8,14.9,2.38,2.1,13.9,9.2,53.4,16.4,8.5
Brook Lopez,MIL,C,12.5,45.2,36.5,0.4,4.5,1.2,0.6,2.2,7.2,5.5,1.2,1.4,13.5,8.0,59.7,16.5,8.8
Hassan Whiteside,MIA,C,12.3,57.1,12.5,3.6,7.8,0.8,0.6,1.9,0.3,5.4,0.58,13.9,30.5,10.4,56.4,21.5,16.2
Jeff Green,WAS,F,12.3,47.5,34.7,0.7,3.3,1.8,0.6,0.5,-1.2,9.3,1.36,2.7,11.7,10.0,60.8,17.4,8.8
Wesley Matthews,IND,G-F,12.2,40.0,37.2,0.5,2.0,2.3,0.8,0.2,-1.3,11.3,1.76,1.5,6.3,8.9,54.6,17.5,6.2
Jeff Teague,MIN,G,12.1,42.3,33.3,0.4,2.1,8.2,1.0,0.4,0.0,36.6,3.54,1.2,6.7,10.5,52.8,18.6,10.3
Joe Ingles,UTA,F,12.1,44.8,39.1,0.4,3.6,5.7,1.2,0.2,5.2,26.2,2.43,1.3,10.8,12.7,58.1,17.0,10.4
Dion Waiters,MIA,G,12.0,41.4,37.7,0.2,2.5,2.8,0.7,0.2,-0.9,16.4,1.89,0.6,9.4,9.4,53.0,21.3,8.3
JaVale McGee,LAL,C,12.0,62.4,8.3,2.6,4.9,0.7,0.6,2.0,-2.1,4.5,0.48,11.2,20.3,12.5,63.4,19.7,12.7
E'Twaun Moore,NOP,G,11.9,48.1,43.2,0.7,1.7,1.9,0.8,0.2,0.2,9.3,1.73,2.3,5.8,8.2,56.7,17.0,6.7
Willie Cauley-Stein,SAC,C,11.9,55.6,50.0,2.2,6.1,2.4,1.2,0.6,0.7,12.1,2.31,7.4,21.3,7.4,56.6,17.3,11.8
Jae Crowder,UTA,F,11.9,39.9,33.1,0.8,4.1,1.7,0.8,0.4,2.8,9.0,1.56,2.7,13.9,7.7,53.8,18.3,8.6
Derrick Favors,UTA,F-C,11.8,58.6,21.8,2.7,4.6,1.2,0.7,1.4,2.4,7.9,1.06,11.5,18.8,9.4,62.4,18.8,14.2
Bryn Forbes,SAS,G,11.8,45.6,42.6,0.2,2.7,2.1,0.5,0.0,-0.1,10.5,2.19,0.8,9.6,7.5,58.6,17.1,7.7
D.J. Augustin,ORL,G,11.7,47.0,42.1,0.5,2.0,5.3,0.6,0.0,2.1,25.8,3.33,1.8,7.1,9.7,61.6,16.9,10.3
Kent Bazemore,ATL,G,11.6,40.2,32.0,0.6,3.3,2.3,1.3,0.6,-4.4,14.4,1.26,2.0,12.6,11.7,50.7,21.5,8.3
Josh Jackson,PHX,F,11.5,41.3,32.4,0.8,3.6,2.3,0.9,0.7,-5.4,14.2,1.06,3.2,13.6,13.4,48.7,23.4,7.3
Will Barton,DEN,G,11.5,40.2,34.2,0.7,3.9,2.9,0.4,0.5,0.2,14.6,1.91,2.6,13.7,9.6,50.1,19.5,8.0
Gordon Hayward,BOS,F,11.5,46.6,33.3,0.7,3.8,3.4,0.9,0.3,3.0,18.5,2.32,2.6,14.1,9.8,57.5,18.3,11.4
Kentavious Caldwell-Pope,LAL,G,11.4,43.0,34.7,0.6,2.3,1.3,0.9,0.2,-1.9,7.7,1.69,2.2,8.8,6.6,56.8,17.5,8.3
Malik Beasley,DEN,G,11.3,47.4,40.2,0.4,2.0,1.2,0.7,0.1,1.7,7.4,1.76,1.8,8.5,6.0,59.9,18.1,8.9
Reggie Bullock,LAL,G-F,11.3,41.2,37.7,0.3,2.4,2.0,0.6,0.2,-0.8,9.6,1.98,1.1,8.2,8.0,56.3,15.4,6.9
Kris Dunn,CHI,G,11.3,42.5,35.4,0.4,3.7,6.0,1.5,0.5,-4.8,29.0,2.66,1.3,11.9,11.4,48.4,19.8,8.4
Darren Collison,IND,G,11.2,46.7,40.7,0.5,2.6,6.0,1.4,0.1,1.6,30.2,3.67,1.7,8.9,9.4,57.4,17.6,11.4
Rodney Hood,POR,G,11.2,43.5,35.6,0.3,1.8,1.8,0.8,0.2,-3.8,10.1,2.29,1.2,7.1,6.0,54.5,17.8,7.5
DeMarre Carroll,BKN,F,11.1,39.5,34.2,1.0,4.2,1.3,0.5,0.1,0.7,7.5,1.16,3.7,15.1,8.6,54.6,18.1,9.2
Alex Len,ATL,C,11.1,49.4,36.3,2.1,3.5,1.1,0.4,0.9,-2.1,8.6,0.89,9.0,15.9,10.5,57.5,21.4,10.0
DeAndre Jordan,NYK,C,11.0,64.1,0.0,3.3,9.8,2.3,0.6,1.1,-3.1,11.9,1.02,10.5,31.5,17.4,67.4,14.8,15.4
Fred VanVleet,TOR,G,11.0,41.0,37.8,0.3,2.3,4.8,0.9,0.3,4.7,24.3,3.74,1.2,7.8,7.9,53.9,17.7,9.5
Tristan Thompson,CLE,C-F,10.9,52.9,0.0,4.0,6.2,2.0,0.7,0.4,-7.0,11.0,1.46,13.7,23.7,10.3,55.1,17.5,12.1
J.J. Barea,DAL,G,10.9,41.8,29.7,0.3,2.2,5.6,0.6,0.0,1.5,45.4,2.93,1.6,10.6,10.3,49.5,26.3,13.1
Jarrett Allen,BKN,C,10.9,59.0,13.3,2.4,6.0,1.4,0.5,1.5,-1.5,7.6,1.07,8.8,20.8,11.3,63.2,15.8,12.1
Trey Burke,DAL,G,10.9,43.1,35.2,0.5,1.2,2.7,0.6,0.1,-0.6,22.9,3.24,2.3,5.9,6.1,52.4,24.2,10.8
Tyler Johnson,PHX,G,10.9,41.3,34.6,0.6,2.4,2.9,0.9,0.5,-2.2,16.5,2.16,2.1,8.7,9.3,53.2,18.0,8.5
Allonzo Trier,NYK,G,10.9,44.8,39.4,0.5,2.6,1.9,0.4,0.2,-3.2,13.1,1.03,2.0,10.7,13.6,56.4,20.7,9.0
Shai Gilgeous-Alexander,LAC,G,10.8,47.6,36.7,0.7,2.1,3.3,1.2,0.5,-1.3,17.9,1.91,2.6,7.8,11.6,55.4,18.2,8.3
Dewayne Dedmon,ATL,C,10.8,49.2,38.2,1.6,5.9,1.4,1.1,1.1,-2.7,7.9,1.07,6.3,22.9,11.3,60.2,16.6,10.7
Taj Gibson,MIN,F,10.8,56.6,32.4,2.5,4.1,1.2,0.8,0.6,-1.2,7.2,1.15,9.5,16.1,9.4,61.2,16.7,10.8
Damyean Dotson,NYK,G,10.7,41.5,36.8,0.5,3.1,1.8,0.8,0.1,-4.5,10.4,1.9,1.6,10.8,7.5,52.6,16.9,7.6
Elfrid Payton,NOP,G,10.6,43.4,31.4,1.2,4.1,7.6,1.0,0.4,-1.6,31.8,2.86,3.7,12.9,12.8,50.2,17.7,9.8
Dario Saric,MIN,F,10.6,43.7,36.5,1.6,4.1,1.6,0.6,0.1,-0.8,8.9,1.31,5.8,15.3,9.9,56.3,17.2,8.8
Dwight Powell,DAL,F-C,10.6,59.7,30.7,1.8,3.5,1.5,0.6,0.6,0.2,10.1,1.67,8.1,16.0,8.7,68.2,16.7,12.3
Thomas Bryant,WAS,C,10.5,61.6,33.3,1.6,4.7,1.3,0.3,0.9,-1.5,9.0,1.53,7.2,21.9,8.5,67.4,17.0,13.5
Marco Belinelli,SAS,G-F,10.5,41.3,37.2,0.2,2.3,1.7,0.4,0.1,0.4,10.2,1.83,0.9,9.3,7.7,55.7,18.7,7.5
Justin Holiday,MEM,F-G,10.5,38.6,34.8,0.6,3.4,1.8,1.5,0.4,-5.5,8.4,1.4,1.7,10.3,9.7,52.0,15.3,6.8
Kenneth Faried,HOU,F-C,10.4,58.9,32.0,2.6,4.1,0.5,0.5,0.6,1.7,4.3,0.61,12.3,21.0,9.1,62.2,19.4,12.4
Monte Morris,DEN,G,10.4,49.3,41.4,0.4,1.9,3.6,0.9,0.0,2.2,22.1,5.71,1.7,7.8,4.8,57.7,16.8,11.3
Wendell Carter Jr.,CHI,C,10.3,48.5,18.8,2.0,5.0,1.8,0.6,1.3,-6.6,11.8,1.2,7.5,19.8,11.5,54.1,19.2,10.0
Wayne Ellington,DET,G,10.3,40.3,37.1,0.3,1.8,1.4,1.0,0.1,-0.2,8.6,1.8,1.0,7.3,6.8,56.9,16.7,7.5
Danny Green,TOR,G-F,10.3,46.5,45.5,0.8,3.2,1.6,0.9,0.7,8.0,7.3,1.68,2.8,10.7,8.8,63.2,13.9,7.9
Tyreke Evans,IND,G,10.2,38.9,35.6,0.5,2.4,2.4,0.8,0.3,0.9,17.6,1.41,2.3,11.4,11.6,48.3,25.5,8.2
Cody Zeller,CHA,C,10.1,55.1,27.3,2.2,4.6,2.1,0.8,0.8,0.9,11.4,1.65,8.4,17.1,10.8,61.1,15.9,10.1
Marvin Williams,CHA,F,10.1,42.2,36.6,1.0,4.4,1.2,0.9,0.8,-0.1,6.1,1.96,3.3,15.2,5.7,54.8,14.7,8.0
Kelly Olynyk,MIA,F,10.0,46.3,35.4,0.9,3.8,1.8,0.7,0.5,1.3,11.3,1.23,3.8,16.0,12.8,61.0,17.5,10.2
Kadeem Allen,NYK,G,9.9,46.1,47.2,0.4,2.3,4.0,0.8,0.2,-1.9,27.7,2.92,1.9,10.0,9.8,57.4,19.5,10.1
Avery Bradley,MEM,G,9.9,40.8,35.1,0.7,2.1,2.4,0.7,0.3,-1.3,11.4,1.71,2.2,6.5,10.2,49.6,16.0,4.7
Derrick White,SAS,G,9.9,47.9,33.8,0.5,3.2,3.9,1.0,0.7,2.3,20.6,2.71,2.2,11.6,10.1,55.5,17.8,9.6
Lonzo Ball,LAL,G,9.9,40.6,32.9,1.1,4.2,5.4,1.5,0.4,-0.3,23.6,2.48,3.6,12.4,12.3,48.7,16.7,8.7
Patty Mills,SAS,G,9.9,42.5,39.4,0.3,1.9,3.0,0.6,0.1,2.5,17.4,2.63,1.2,7.6,8.9,57.2,17.5,8.1
Luke Kennard,DET,G,9.7,43.8,39.4,0.2,2.7,1.8,0.4,0.2,0.8,12.2,2.0,0.8,12.1,8.0,56.0,17.9,9.0
Kevin Huerter,ATL,G,9.7,41.9,38.5,0.8,2.5,2.9,0.9,0.3,-1.6,13.9,1.96,2.7,8.7,10.9,53.3,15.3,6.5
Nemanja Bjelica,SAC,F,9.6,47.9,40.1,1.6,4.1,1.9,0.7,0.7,1.1,10.7,1.79,6.5,17.1,9.5,58.5,16.2,9.6
Allen Crabbe,BKN,G-F,9.6,36.7,37.8,0.4,3.1,1.1,0.5,0.3,0.1,5.9,1.0,1.3,10.8,9.5,51.9,15.9,5.5
Jonathan Isaac,ORL,F,9.6,42.9,32.3,1.3,4.2,1.1,0.8,1.3,0.1,5.5,1.07,4.8,15.2,9.1,53.7,16.0,8.2
Jeremy Lin,TOR,G,9.6,44.0,29.4,0.3,2.1,3.1,0.6,0.2,-2.5,24.9,1.86,1.4,10.2,12.6,55.8,21.3,10.0
Robin Lopez,CHI,C,9.5,56.8,22.6,1.9,2.0,1.2,0.1,1.1,-1.9,8.4,0.93,8.5,8.5,12.4,59.8,18.3,8.8
Tony Parker,CHA,G,9.5,46.0,25.5,0.3,1.2,3.7,0.4,0.1,0.3,33.1,2.76,1.3,6.7,9.4,51.2,24.7,10.9
Shabazz Napier,BKN,G,9.4,38.9,33.3,0.3,1.5,2.6,0.7,0.3,0.3,23.5,2.17,1.7,7.9,9.4,53.4,23.4,10.6
Markieff Morris,OKC,F,9.4,42.1,33.5,1.1,3.5,1.4,0.6,0.4,-2.8,9.2,1.46,4.5,16.1,8.2,52.1,19.1,7.5
JaMychal Green,LAC,F,9.4,48.3,40.3,1.6,4.7,0.8,0.7,0.5,-3.3,5.8,0.57,7.1,21.8,13.2,58.7,18.5,10.3
Danuel House Jr.,HOU,F-G,9.4,46.8,41.6,0.6,2.9,1.0,0.5,0.3,4.3,5.8,1.14,2.5,11.2,9.8,64.6,13.7,7.4
Al-Farouq Aminu,POR,F,9.4,43.3,34.3,1.4,6.1,1.3,0.8,0.4,4.7,5.7,1.44,4.8,20.4,8.5,56.8,13.4,9.7
Larry Nance Jr.,CLE,F,9.4,52.0,33.7,2.5,5.7,3.2,1.5,0.6,-4.8,17.9,2.21,9.0,22.4,11.4,58.3,15.2,12.3
Nicolas Batum,CHA,F-G,9.3,45.0,38.9,0.9,4.3,3.3,0.9,0.6,-0.3,14.5,2.11,2.8,13.1,12.2,58.1,12.9,8.4
Jalen Brunson,DAL,G,9.3,46.7,34.8,0.3,2.0,3.2,0.5,0.1,-1.1,22.3,2.61,1.5,8.7,9.4,54.9,18.6,8.8
Gerald Green,HOU,G-F,9.2,40.0,35.4,0.4,2.1,0.5,0.5,0.4,1.8,4.1,0.73,1.9,10.0,7.9,55.5,19.0,6.6
Rajon Rondo,LAL,G,9.2,40.5,35.9,0.7,4.5,8.0,1.2,0.2,-5.3,36.0,2.89,2.3,14.2,13.5,47.3,17.2,9.9
Alex Caruso,LAL,G,9.2,44.5,48.0,0.8,1.9,3.1,1.0,0.4,1.8,20.5,1.83,3.5,7.9,13.1,56.9,18.4,9.6
Landry Shamet,LAC,G,9.1,43.1,42.2,0.3,1.4,1.5,0.5,0.1,0.8,9.0,2.6,1.1,6.0,6.0,60.4,14.5,6.3
Terry Rozier,BOS,G,9.0,38.7,35.3,0.4,3.5,2.9,0.9,0.3,-0.5,19.3,3.4,1.6,14.5,6.8,50.1,18.1,10.3
Ish Smith,DET,G,8.9,41.9,32.6,0.4,2.2,3.6,0.5,0.2,1.5,24.3,3.33,1.7,9.7,7.8,48.5,19.3,8.6
Malik Monk,CHA,G,8.9,38.7,33.0,0.2,1.7,1.6,0.5,0.3,-0.6,14.3,1.36,1.2,9.5,10.4,51.8,23.6,7.3
Rondae Hollis-Jefferson,BKN,F,8.9,41.1,18.4,1.4,3.8,1.6,0.7,0.5,-0.2,11.9,1.41,6.0,17.0,9.3,46.4,21.0,8.8
Ivica Zubac,LAC,C,8.9,55.9,0.0,1.9,4.2,1.1,0.2,0.9,0.7,9.3,0.9,10.8,21.6,12.3,60.4,19.9,12.7
Bam Adebayo,MIA,C-F,8.9,57.6,20.0,2.0,5.3,2.2,0.9,0.8,0.3,14.6,1.52,8.3,22.1,13.6,62.3,15.7,13.3
Tomas Satoransky,WAS,G-F,8.9,48.5,39.5,1.0,2.5,5.0,1.0,0.2,-0.7,24.8,3.33,3.6,9.0,10.7,59.0,13.9,9.2
Marcus Smart,BOS,G,8.9,42.2,36.4,0.7,2.2,4.0,1.8,0.4,2.0,19.0,2.61,2.5,7.7,11.5,56.8,14.4,7.9
Mario Hezonja,NYK,F,8.8,41.2,27.6,0.5,3.6,1.5,1.0,0.1,-4.5,11.6,1.0,2.1,16.8,12.8,49.7,20.8,8.2
Alec Burks,SAC,G,8.8,40.5,36.3,0.5,3.2,2.0,0.6,0.3,-4.7,14.2,1.97,2.1,15.1,9.0,52.3,18.5,9.1
Delon Wright,MEM,G,8.7,43.4,29.8,0.9,2.6,3.3,1.2,0.4,0.0,21.7,3.22,3.7,11.3,8.1,52.3,17.2,10.9
Frank Kaminsky,CHA,F-C,8.6,46.3,36.0,0.8,2.6,1.3,0.3,0.3,0.9,12.9,1.54,4.8,16.4,9.2,58.7,21.6,10.6
Norman Powell,TOR,F-G,8.6,48.3,40.0,0.3,2.1,1.5,0.7,0.2,0.3,11.9,1.4,1.3,10.2,11.1,59.6,18.2,9.2
Kyle Korver,UTA,G-F,8.6,41.6,39.7,0.1,2.2,1.2,0.4,0.2,1.9,8.8,1.37,0.6,10.5,9.1,58.2,17.4,7.8
Trey Lyles,DEN,F,8.5,41.8,25.5,0.7,3.2,1.4,0.5,0.4,0.1,11.6,1.28,3.6,17.2,9.7,50.0,22.9,9.4
Rodions Kurucs,BKN,F,8.5,45.0,31.5,0.9,3.0,0.8,0.7,0.4,0.0,5.7,0.68,4.0,13.1,12.4,54.5,17.5,6.9
Langston Galloway,DET,G,8.4,38.8,35.5,0.6,1.5,1.1,0.5,0.1,0.5,7.2,3.54,2.5,7.0,3.3,53.4,15.3,6.3
Noah Vonleh,NYK,F,8.4,47.0,33.6,1.7,6.1,1.9,0.7,0.8,-4.3,10.8,1.47,6.0,23.4,12.1,56.1,14.4,10.4
DeAndre' Bembry,ATL,F,8.4,44.6,28.9,0.7,3.7,2.5,1.3,0.5,-2.8,15.0,1.42,2.6,14.8,13.9,50.8,16.8,8.1
Mikal Bridges,PHX,F,8.3,43.0,33.5,0.7,2.5,2.1,1.6,0.5,-4.7,9.7,2.47,2.3,8.5,8.2,55.6,11.9,6.4
Bruno Caboclo,MEM,F,8.3,42.7,36.9,1.2,3.4,1.5,0.4,1.0,0.0,9.1,1.32,5.0,13.7,11.4,57.1,15.0,7.8
Darius Miller,NOP,F,8.2,39.0,36.5,0.2,1.7,2.1,0.6,0.3,0.2,10.7,2.47,0.7,5.9,8.3,55.0,13.1,4.8
Jahlil Okafor,NOP,C,8.2,58.6,20.0,1.4,3.3,0.7,0.3,0.7,-2.0,6.4,0.77,8.4,19.6,10.7,60.3,19.8,11.5
Richaun Holmes,PHX,F-C,8.2,60.8,0.0,1.6,3.1,0.9,0.6,1.1,-2.5,8.2,1.15,9.5,17.3,9.5,64.7,17.4,12.5
Markelle Fultz,ORL,G,8.2,41.9,28.6,1.4,2.3,3.1,0.9,0.3,-0.4,21.2,2.36,5.6,8.8,9.8,45.2,18.9,6.9
Austin Rivers,HOU,G,8.1,40.6,31.8,0.3,1.8,2.2,0.6,0.3,1.4,12.0,2.46,1.2,6.5,8.0,50.3,14.2,4.2
Frank Jackson,NOP,G,8.1,43.4,31.4,0.4,1.8,1.1,0.4,0.0,-2.2,8.0,1.44,1.9,8.5,8.1,51.7,17.8,5.9
Isaiah Thomas,DEN,G,8.1,34.3,27.9,0.4,0.7,1.9,0.4,0.1,-1.8,19.8,1.28,2.3,4.0,11.8,43.7,27.4,3.9
Kyle Anderson,MEM,F,8.0,54.3,26.5,1.1,4.7,3.0,1.3,0.9,-1.4,15.5,2.21,3.8,16.1,11.9,56.9,12.7,9.9
Davis Bertans,SAS,F,8.0,45.0,42.9,0.3,3.2,1.3,0.5,0.4,3.4,7.9,2.33,1.5,13.9,7.0,63.2,13.5,8.2
Jamal Crawford,PHX,G,7.9,39.7,33.2,0.1,1.2,3.6,0.5,0.2,-5.9,28.3,2.31,0.6,6.1,12.2,52.2,19.8,8.3
Seth Curry,POR,G,7.9,45.6,45.0,0.4,1.3,0.9,0.5,0.2,1.8,6.8,1.08,1.9,6.2,9.9,59.5,16.4,7.1
Josh Hart,LAL,G,7.8,40.7,33.6,0.5,3.2,1.4,1.0,0.6,0.0,7.2,1.6,1.9,10.9,9.0,52.6,13.0,6.3
Garrett Temple,LAC,G-F,7.8,42.2,34.1,0.4,2.5,1.4,1.0,0.4,-1.1,7.5,1.51,1.4,9.2,9.8,54.3,13.1,5.2
James Johnson,MIA,F,7.8,43.3,33.6,0.4,2.8,2.5,0.6,0.5,-1.9,16.7,1.82,1.8,12.3,12.0,52.2,17.7,7.9
Ante Zizic,CLE,C,7.8,55.3,0.0,1.8,3.6,0.9,0.2,0.4,-1.4,7.5,0.87,9.7,19.3,12.1,59.0,17.8,10.3
Mason Plumlee,DEN,F-C,7.8,59.3,20.0,2.0,4.4,3.0,0.8,0.9,0.9,19.9,1.93,9.1,19.8,14.0,60.2,15.9,11.5
Josh Okogie,MIN,G,7.7,38.6,27.9,0.6,2.4,1.2,1.2,0.4,-0.7,6.8,1.44,2.1,9.8,8.6,49.2,14.8,5.1
Maurice Harkless,POR,F,7.7,48.7,27.5,1.3,3.2,1.2,1.1,0.9,4.0,6.8,1.64,5.2,12.8,8.3,54.7,13.5,7.3
Patrick Beverley,LAC,G,7.6,40.7,39.7,1.0,4.0,3.8,0.9,0.6,1.9,18.3,3.53,3.5,13.5,9.3,56.1,12.0,7.9
George Hill,MIL,G,7.6,45.2,31.4,0.7,1.8,2.3,0.9,0.1,2.4,14.6,2.65,2.8,7.5,8.6,55.4,14.7,7.9
Rodney McGruder,LAC,F-G,7.6,40.3,35.1,0.9,2.7,1.7,0.5,0.2,-0.6,10.3,1.75,3.5,10.6,9.6,51.0,14.7,6.8
Jake Layman,POR,F,7.6,50.9,32.6,0.8,2.3,0.7,0.4,0.4,1.0,5.6,1.15,4.1,11.5,8.3,59.4,15.6,8.2
Shelvin Mack,CHA,G,7.5,40.4,35.4,0.3,1.5,3.2,0.8,0.1,-4.3,24.1,2.77,1.4,6.9,9.6,48.9,17.9,7.7
Dorian Finney-Smith,DAL,F,7.5,43.2,31.1,1.7,3.1,1.2,0.9,0.4,-1.1,7.0,1.28,6.4,11.9,10.0,53.0,13.5,6.9
Dillon Brooks,MEM,G-F,7.5,40.2,37.5,0.5,1.2,0.9,0.6,0.2,-0.9,7.9,0.84,2.8,7.6,11.2,49.9,20.7,3.4
Iman Shumpert,HOU,G,7.5,37.4,34.8,0.4,2.5,1.8,1.0,0.4,-0.7,9.8,2.24,1.6,10.1,8.0,49.9,14.3,5.7
Chandler Parsons,MEM,F,7.5,37.4,30.9,0.2,2.6,1.7,0.8,0.2,-1.8,14.3,1.34,0.7,12.6,11.9,48.4,19.2,6.9
Miles Bridges,CHA,F,7.5,46.4,32.5,0.8,3.2,1.2,0.7,0.6,-1.6,8.1,1.9,3.7,14.8,7.3,54.8,14.7,8.5
Vince Carter,ATL,F-G,7.4,41.9,38.9,0.4,2.1,1.1,0.6,0.4,-2.4,9.7,1.81,2.1,11.4,7.6,56.5,16.4,7.9
Draymond Green,GSW,F,7.4,44.5,28.5,0.9,6.4,6.9,1.4,1.1,7.0,26.1,2.69,3.1,18.0,15.6,52.6,12.8,9.8
Dwayne Bacon,CHA,G-F,7.3,47.5,43.7,0.2,1.9,1.1,0.3,0.1,-0.5,9.2,2.61,1.0,10.5,5.3,57.0,16.7,6.9
Mitchell Robinson,NYK,C,7.3,69.4,0.0,2.7,3.7,0.6,0.8,2.4,-3.1,4.2,1.06,12.2,16.6,8.3,69.2,11.9,11.5
Antonio Blakeney,CHI,G,7.3,41.9,39.6,0.1,1.7,0.7,0.2,0.2,-2.6,7.9,1.2,0.8,11.4,6.9,48.7,24.0,7.3
P.J. Tucker,HOU,F,7.3,39.6,37.7,1.5,4.4,1.2,1.6,0.5,3.0,4.7,1.52,4.1,12.9,8.9,54.7,9.4,5.6
Doug McDermott,IND,F,7.3,49.1,40.8,0.2,1.2,0.9,0.2,0.1,1.7,7.0,1.6,1.2,6.6,7.5,61.7,15.2,7.5
Dirk Nowitzki,DAL,F,7.3,35.9,31.2,0.1,3.0,0.7,0.2,0.4,-1.3,6.8,1.94,0.6,18.0,4.0,46.9,21.7,7.3
Willy Hernangomez,CHA,C,7.3,51.9,38.5,2.0,3.3,1.0,0.3,0.3,-1.6,11.2,1.03,13.0,24.0,12.2,58.7,20.6,11.8
Lance Stephenson,LAL,G,7.2,42.6,37.1,0.5,2.7,2.1,0.6,0.1,-1.6,17.5,1.63,2.6,15.0,12.4,52.9,19.7,8.8
Justin Jackson,DAL,F,7.2,44.7,35.5,0.5,2.1,1.2,0.4,0.2,-0.6,8.1,3.31,2.5,9.6,4.5,56.1,14.1,7.6
Luol Deng,MIN,F,7.1,50.0,31.8,0.9,2.4,0.8,0.7,0.4,4.0,6.2,1.29,4.9,12.5,8.5,58.8,15.5,9.3
Joakim Noah,MEM,C,7.1,51.6,0.0,1.4,4.3,2.1,0.5,0.7,0.1,20.2,1.78,7.8,24.7,12.4,57.1,19.1,14.2
Harry Giles III,SAC,F-C,7.0,50.3,0.0,1.1,2.7,1.5,0.5,0.4,-1.8,15.5,1.16,7.6,17.1,13.3,52.6,22.7,9.0
Derrick Jones Jr.,MIA,F-G,7.0,49.4,30.8,1.6,2.4,0.6,0.8,0.7,-0.4,4.9,0.86,7.6,11.9,9.4,55.9,15.1,8.1
Mike Muscala,LAL,F-C,7.0,40.2,34.8,0.9,2.9,1.2,0.3,0.6,0.5,8.1,1.58,4.1,13.3,9.2,56.4,13.8,7.0
Luke Kornet,NYK,F-C,7.0,37.8,36.3,0.6,2.3,1.2,0.6,0.9,-1.2,10.8,2.16,3.3,12.3,6.6,53.1,17.8,9.3
OG Anunoby,TOR,F,7.0,45.3,33.2,0.9,2.1,0.7,0.7,0.3,-0.7,5.0,0.85,4.0,10.0,10.3,54.4,14.8,5.7
Terrance Ferguson,OKC,G,6.9,42.9,36.6,0.4,1.5,1.0,0.5,0.2,1.9,4.6,1.53,1.5,5.5,8.2,56.6,10.4,2.7
Pat Connaughton,MIL,G,6.9,46.6,33.0,1.0,3.2,2.0,0.5,0.4,1.9,12.8,3.7,4.6,13.5,6.3,57.3,13.0,9.4
Tyus Jones,MIN,G,6.9,41.5,31.7,0.3,1.6,4.8,1.2,0.1,0.0,28.4,6.96,1.4,6.9,5.5,49.1,13.9,9.5
Stanley Johnson,NOP,F,6.9,38.9,28.8,0.5,2.8,1.3,0.9,0.2,-3.0,11.8,1.09,2.5,14.2,12.7,48.5,18.6,7.9
Quinn Cook,GSW,G,6.9,46.5,40.5,0.3,1.8,1.6,0.3,0.0,-1.8,16.7,2.32,2.1,12.3,8.1,56.5,20.0,9.3
Dante Exum,UTA,G,6.9,41.9,29.0,0.4,1.2,2.6,0.3,0.1,1.1,25.1,2.12,2.4,7.7,11.7,51.6,20.7,8.2
Wayne Selden,CHI,G-F,6.9,40.6,31.6,0.5,1.9,1.5,0.4,0.2,-3.9,11.2,1.38,2.4,9.8,11.1,49.1,17.8,5.4
Maxi Kleber,DAL,F,6.8,45.3,35.3,1.3,3.4,1.0,0.5,1.1,0.9,6.8,1.3,5.7,14.9,9.9,57.9,13.2,8.9
Brandon Knight,CLE,G,6.8,38.1,31.8,0.3,1.3,1.8,0.5,0.1,-4.9,14.7,2.37,1.2,7.0,8.0,48.4,17.8,5.1
Evan Turner,POR,G-F,6.8,46.0,21.2,0.5,4.0,3.9,0.5,0.2,0.4,24.2,2.48,2.2,16.7,12.8,50.4,15.8,9.9
Ersan Ilyasova,MIL,F,6.8,43.8,36.3,1.4,3.1,0.8,0.5,0.3,3.6,5.6,1.08,7.1,15.1,9.3,54.8,15.1,7.1
JR Smith,CLE,G-F,6.7,34.2,30.8,0.0,1.6,1.9,1.0,0.3,-1.3,13.3,1.91,0.0,8.0,9.6,44.4,17.6,5.1
Ryan Arcidiacono,CHI,G,6.7,44.7,37.3,0.3,2.4,3.3,0.8,0.0,-3.1,19.1,4.27,1.3,9.6,7.9,58.8,11.7,7.8
James Ennis III,PHI,F,6.7,46.9,35.3,1.0,2.1,0.7,0.7,0.4,-0.1,4.7,1.21,4.8,9.9,8.4,59.0,12.5,5.6
Ian Clark,NOP,G,6.7,39.4,32.7,0.2,1.3,1.6,0.4,0.1,-0.9,13.2,1.62,1.2,7.1,10.6,50.2,18.5,5.2
Michael Kidd-Gilchrist,CHA,F,6.7,47.6,34.0,1.4,2.5,1.0,0.5,0.6,-0.8,7.7,1.42,6.9,12.9,8.7,55.3,15.3,7.5
Zach Collins,POR,F-C,6.6,47.3,33.1,1.4,2.8,0.9,0.3,0.9,-0.1,7.6,0.92,7.8,14.4,12.8,56.2,16.6,8.0
MarShon Brooks,MEM,G,6.6,45.0,27.8,0.4,1.1,0.9,0.3,0.1,-0.8,11.2,1.19,3.0,8.9,9.1,51.8,23.3,8.4
David Nwaba,CLE,G,6.5,48.1,32.0,0.8,2.4,1.1,0.7,0.3,-1.5,7.7,1.86,3.9,12.8,7.6,55.8,14.1,7.1
Cory Joseph,IND,G,6.5,41.2,32.2,0.5,2.9,3.9,1.1,0.3,2.6,20.8,4.01,1.9,11.1,8.3,47.4,13.4,8.7
Johnathan Williams,LAL,F,6.5,59.1,0.0,2.0,2.1,0.5,0.3,0.3,2.3,5.1,0.81,11.6,13.0,10.0,59.9,15.8,7.8
Jonathon Simmons,PHI,F,6.5,38.0,26.9,0.5,1.8,2.3,0.5,0.3,-2.6,17.5,1.88,2.4,9.0,11.6,46.6,18.2,6.0
Shaquille Harrison,CHI,G,6.5,43.2,27.0,0.5,2.6,1.9,1.2,0.4,-4.3,14.2,2.32,2.2,13.2,8.9,49.4,16.0,8.2
Sterling Brown,MIL,G,6.4,46.5,36.1,0.5,2.7,1.4,0.4,0.1,0.0,11.5,1.83,2.6,13.0,10.0,56.3,14.9,7.8
CJ Miles,MEM,F-G,6.4,36.0,33.0,0.2,1.5,0.7,0.5,0.3,-0.3,6.1,1.2,1.4,9.0,7.5,50.4,17.3,5.6
Gorgui Dieng,MIN,C,6.4,50.1,33.9,1.1,3.0,0.9,0.6,0.5,-1.5,10.6,1.26,7.2,22.5,10.3,57.2,19.4,11.8
T.J. McConnell,PHI,G,6.4,52.5,33.3,0.4,1.9,3.4,1.0,0.2,-0.1,24.9,2.84,1.8,9.4,11.6,55.5,14.8,9.7
Devin Harris,DAL,G,6.3,38.0,31.0,0.2,1.5,1.8,0.5,0.2,-1.4,17.2,2.18,1.0,9.0,9.6,52.7,18.0,6.5
Jonas Jerebko,GSW,F,6.3,45.9,36.7,1.0,3.0,1.3,0.4,0.2,0.8,10.6,2.23,5.5,16.8,8.1,58.8,14.4,9.2
Omri Casspi,MEM,F,6.3,53.4,34.9,0.5,2.7,0.7,0.6,0.3,0.5,7.7,1.13,3.3,18.4,9.7,60.6,17.0,11.8
Cameron Payne,CLE,G,6.3,43.0,29.8,0.3,1.5,2.7,0.7,0.2,-5.6,22.5,2.36,1.7,8.3,11.5,51.9,16.9,7.4
Kevon Looney,GSW,C-F,6.3,62.5,10.0,2.4,2.8,1.5,0.6,0.7,3.8,10.6,2.41,12.6,13.3,9.0,63.6,12.2,9.2
Troy Daniels,PHX,G,6.2,41.1,38.1,0.3,1.2,0.5,0.5,0.1,-2.2,5.2,0.96,1.6,7.9,8.1,55.8,17.1,5.6
Mo Bamba,ORL,C,6.2,48.1,30.0,1.4,3.6,0.8,0.3,1.4,-5.1,8.6,0.91,7.4,21.3,12.3,53.9,17.4,10.3
Tyler Dorsey,MEM,G,6.2,40.5,33.3,0.6,1.8,1.2,0.3,0.0,-0.7,11.8,2.07,3.6,11.8,7.3,50.9,18.2,7.2
Jerryd Bayless,MIN,G,6.1,35.7,29.6,0.3,1.5,3.5,0.5,0.1,-4.7,26.2,3.72,1.5,8.0,8.2,43.1,17.2,5.9
Sam Dekker,WAS,F,6.1,46.9,30.6,1.1,2.0,1.0,0.8,0.1,-1.9,8.1,1.92,6.4,12.3,6.9,51.9,15.7,8.3
Kenrich Williams,NOP,G-F,6.1,38.4,33.3,1.2,3.6,1.8,1.0,0.4,-1.9,9.4,2.31,4.6,14.5,8.9,48.5,11.9,6.2
Cheick Diallo,NOP,F,6.0,62.0,25.0,1.2,4.0,0.5,0.5,0.5,-1.4,5.1,0.67,7.9,26.0,12.8,64.4,15.5,12.1
Isaiah Canaan,MIL,G,6.0,39.0,35.4,0.2,1.7,2.8,0.5,0.1,-5.8,19.4,2.4,1.0,8.6,11.9,51.8,14.7,5.7
Henry Ellenson,NYK,F,6.0,41.1,44.7,0.3,3.2,0.8,0.4,0.1,-0.5,9.6,1.78,1.8,21.4,7.0,53.8,18.6,10.2
Tony Snell,MIL,G,6.0,45.2,39.7,0.4,1.7,0.9,0.4,0.2,2.3,6.9,2.96,2.1,8.6,4.9,58.5,12.7,6.9
Wilson Chandler,LAC,F,6.0,41.8,37.3,0.9,3.3,1.6,0.5,0.4,2.1,8.9,1.78,4.1,13.2,11.2,53.7,11.5,5.6
Jordan McRae,WAS,G,5.9,46.9,28.6,0.2,1.3,1.1,0.5,0.3,-0.8,13.1,2.0,1.7,9.5,7.9,55.0,19.1,8.9
Yogi Ferrell,SAC,G,5.9,43.5,36.2,0.2,1.4,1.9,0.5,0.1,-0.8,17.6,3.43,1.1,8.5,7.2,55.0,16.0,9.2
Omari Spellman,ATL,F,5.9,40.2,34.4,1.6,2.7,1.0,0.6,0.5,-4.4,8.5,1.52,8.0,14.4,9.0,51.6,14.6,7.9
Aaron Holiday,IND,G,5.9,40.1,33.9,0.1,1.2,1.7,0.4,0.3,2.0,18.0,2.17,0.8,8.8,9.8,51.8,20.6,7.8
Matthew Dellavedova,CLE,G,5.9,40.5,33.8,0.1,1.5,3.8,0.3,0.0,-1.3,32.9,2.66,0.7,8.1,13.2,53.2,17.3,8.2
Nik Stauskas,CLE,G,5.9,40.2,37.2,0.3,1.6,1.2,0.3,0.1,-3.8,12.3,1.59,1.6,10.4,10.2,54.5,17.1,7.8
Meyers Leonard,POR,F-C,5.9,54.5,45.0,0.8,3.0,1.2,0.2,0.1,-1.3,12.3,1.74,5.5,20.6,11.2,67.5,14.9,10.8
D.J. Wilson,MIL,F,5.8,41.4,36.2,0.9,3.7,1.1,0.4,0.4,1.7,8.0,1.63,4.7,17.4,9.0,51.5,14.1,7.5
Juancho Hernangomez,DEN,F,5.8,43.9,36.5,0.9,2.9,0.8,0.4,0.3,0.5,5.4,1.49,4.4,14.4,8.4,58.0,11.9,7.6
Ed Davis,BKN,C,5.8,61.6,0.0,2.7,5.9,0.8,0.4,0.4,1.2,6.4,0.95,13.5,30.7,12.8,63.2,12.5,13.9
Furkan Korkmaz,PHI,G-F,5.8,40.0,32.6,0.3,1.9,1.1,0.6,0.0,1.3,10.7,2.08,2.3,13.0,7.4,52.8,17.4,7.9
Mike Scott,PHI,F,5.8,40.0,40.1,0.5,2.9,0.8,0.3,0.2,0.5,6.4,1.5,2.9,14.7,8.1,52.8,13.9,6.3
Ivan Rabb,MEM,F,5.8,54.7,20.0,1.4,2.8,1.1,0.3,0.3,-1.9,12.3,1.54,9.7,19.7,10.6,58.6,16.6,10.6
Elie Okobo,PHX,G,5.7,39.3,29.5,0.2,1.6,2.4,0.6,0.1,-4.0,19.8,1.84,1.2,9.2,13.6,48.9,16.8,5.3
Torrey Craig,DEN,F,5.7,44.2,32.4,1.2,2.3,1.0,0.5,0.6,1.0,6.2,1.64,5.7,11.2,8.7,54.7,12.1,5.5
Frank Ntilikina,NYK,G,5.7,33.7,28.7,0.3,1.7,2.8,0.7,0.3,-4.3,19.5,2.16,1.2,8.0,11.8,41.7,16.3,3.9
Andre Iguodala,GSW,F-G,5.7,50.0,33.3,0.7,3.0,3.2,0.9,0.8,4.6,17.3,4.15,3.1,11.7,8.7,58.7,10.1,9.0
Daniel Theis,BOS,F,5.7,54.9,38.8,1.3,2.1,1.0,0.3,0.6,2.0,10.8,2.06,8.8,14.5,8.2,62.4,15.0,9.5
John Henson,CLE,F,5.6,46.3,35.5,1.1,3.9,1.0,0.5,0.8,0.1,10.8,1.17,7.4,23.3,12.2,55.3,17.3,12.7
Aron Baynes,BOS,C-F,5.6,47.1,34.4,1.7,3.0,1.1,0.2,0.7,2.5,9.2,1.43,10.3,17.5,11.5,56.7,14.7,8.3
Chasson Randle,WAS,G,5.5,41.9,40.0,0.2,0.9,2.0,0.5,0.1,-2.2,18.2,2.26,1.3,6.2,11.1,55.5,16.0,5.3
Jakob Poeltl,SAS,C,5.5,64.5,0.0,2.3,3.0,1.2,0.4,0.9,1.1,9.9,1.94,13.6,17.1,10.2,64.0,12.5,11.0
Damian Jones,GSW,C,5.4,71.6,0.0,1.3,1.8,1.2,0.5,1.0,0.7,8.4,1.75,8.6,9.9,11.9,72.0,11.3,7.2
Alex Abrines,OKC,G,5.3,35.7,32.3,0.2,1.4,0.6,0.5,0.2,0.9,4.7,1.43,0.7,6.7,7.1,50.7,12.0,4.1
Raul Neto,UTA,G,5.3,46.0,33.3,0.2,1.5,2.5,0.4,0.1,4.7,25.1,2.66,1.4,10.5,11.5,55.8,18.4,9.6
Troy Williams,SAC,F,5.3,44.9,31.8,0.6,2.2,0.5,0.5,0.4,-3.2,5.1,1.22,3.4,14.4,7.2,53.1,14.4,6.9
Treveon Graham,BKN,F,5.3,33.5,29.7,0.7,2.4,1.0,0.4,0.2,0.8,6.2,2.0,2.8,10.7,6.7,45.8,12.3,3.8
Tim Frazier,MIL,G,5.3,44.4,36.6,0.7,2.2,4.2,0.5,0.1,-1.1,28.6,3.26,3.5,10.6,12.5,54.4,13.2,8.1
Chandler Hutchison,CHI,F,5.2,45.9,28.0,0.7,3.5,0.8,0.5,0.1,-2.6,5.5,1.36,3.3,16.7,8.7,50.7,12.1,7.3
Royce O'Neale,UTA,F,5.2,47.5,38.6,0.3,3.2,1.5,0.7,0.3,2.1,10.2,1.77,1.3,14.6,12.6,58.9,10.8,7.3
Alex Poythress,ATL,F,5.1,49.4,39.1,1.4,2.2,0.8,0.2,0.5,-3.6,8.5,1.31,8.5,15.1,10.5,57.1,14.0,6.9
Brandon Sampson,CHI,G,5.1,46.7,37.9,0.2,0.9,0.7,0.6,0.2,-2.0,6.3,0.83,1.4,6.3,14.1,56.7,15.4,4.3
Jalen Jones,CLE,F,5.1,41.9,35.7,0.7,1.4,0.4,0.6,0.1,-1.6,5.0,0.88,5.0,11.3,8.9,54.8,16.2,5.4
Thon Maker,DET,F,5.0,40.7,32.0,0.6,2.5,0.7,0.3,0.8,-0.1,6.6,1.36,3.9,14.9,8.5,53.0,14.8,7.4
Keita Bates-Diop,MIN,F,5.0,42.3,25.0,0.5,2.2,0.6,0.6,0.5,-1.8,4.7,1.21,2.9,12.9,7.5,48.9,14.0,6.5
Anthony Tolliver,MIN,F,5.0,38.2,37.7,0.2,2.5,0.7,0.3,0.3,-1.0,5.9,1.28,1.2,14.3,9.9,57.1,12.1,6.4
Cameron Reynolds,MIN,G,5.0,42.3,41.2,0.2,1.4,0.7,0.3,0.1,-1.4,7.3,2.6,1.4,10.2,5.0,58.0,14.1,6.3
De'Anthony Melton,PHX,G,5.0,39.1,30.5,0.5,2.2,3.2,1.4,0.5,-3.4,21.4,2.12,2.5,11.4,14.9,46.6,14.7,6.3
Dragan Bender,PHX,F,5.0,44.7,21.8,0.7,3.2,1.2,0.4,0.5,-3.5,9.4,1.51,4.0,16.8,11.9,52.1,13.0,6.6
Wes Iwundu,ORL,F,5.0,41.2,36.7,0.5,2.2,1.1,0.4,0.3,0.5,8.0,1.66,2.7,10.8,10.0,53.1,12.5,5.6
Marcin Gortat,LAC,C,5.0,53.2,0.0,1.4,4.1,1.4,0.1,0.5,-2.1,12.3,1.3,8.9,25.3,15.5,56.2,14.8,9.7
Nerlens Noel,OKC,F-C,4.9,58.7,0.0,1.6,2.6,0.6,0.9,1.2,-1.0,6.7,0.94,10.5,17.6,11.9,60.8,13.7,12.2
Corey Brewer,SAC,G-F,4.9,43.1,31.8,0.8,1.6,1.3,1.0,0.2,0.0,10.7,2.05,4.5,9.8,9.5,53.2,13.0,6.3
Jared Dudley,BKN,F,4.9,42.3,35.1,0.6,2.1,1.4,0.6,0.3,0.6,9.3,1.93,2.7,9.6,11.1,55.4,10.4,4.9
Donte DiVincenzo,MIL,G,4.9,40.3,26.5,0.6,1.8,1.1,0.5,0.2,4.0,10.2,1.63,3.6,9.9,10.6,50.7,14.5,6.2
Khem Birch,ORL,C,4.8,60.3,0.0,1.6,2.2,0.8,0.4,0.6,0.9,8.7,1.9,11.2,16.6,8.1,64.0,13.6,11.6
Michael Carter-Williams,ORL,G,4.8,37.4,26.3,0.7,1.8,2.5,0.7,0.5,0.1,26.2,3.5,4.3,14.3,8.4,45.8,17.6,8.5
Troy Brown Jr.,WAS,F,4.8,41.5,31.9,0.7,2.1,1.5,0.4,0.1,0.0,14.7,2.67,4.5,14.9,8.2,48.7,15.8,7.7
Devonte' Graham,CHA,G,4.7,34.3,28.1,0.2,1.2,2.6,0.5,0.0,-2.2,26.6,4.03,1.3,7.8,7.8,45.9,16.6,6.8
Jonah Bolden,PHI,F,4.7,49.4,35.4,1.1,2.7,0.9,0.4,0.9,-0.7,8.5,1.11,6.7,17.3,14.3,59.5,13.1,7.2
Alfonzo McKinnie,GSW,F,4.7,48.7,35.6,1.1,2.3,0.4,0.3,0.2,0.2,4.1,1.03,7.5,15.2,8.4,56.9,13.1,6.5
John Jenkins,NYK,G,4.7,40.0,37.9,0.2,1.2,0.8,0.0,0.1,-1.9,10.5,2.44,1.8,8.3,6.3,53.6,16.0,7.4
Timothe Luwawu-Cabarrot,CHI,G-F,4.6,37.6,31.0,0.2,1.7,0.5,0.4,0.2,-4.2,5.7,1.24,1.5,12.5,7.5,48.9,15.6,4.9
Lance Thomas,NYK,F,4.5,39.6,27.8,0.5,2.1,0.6,0.4,0.2,-4.1,5.1,1.13,2.3,11.5,9.1,48.2,12.7,4.3
Jevon Carter,MEM,G,4.4,30.3,33.3,0.4,1.3,1.8,0.7,0.3,-2.3,18.4,2.09,2.3,9.0,10.9,43.2,17.2,5.3
Bismack Biyombo,CHA,C,4.4,57.1,0.0,1.5,3.1,0.6,0.2,0.8,-2.5,6.4,0.97,9.9,20.5,12.9,60.2,12.8,8.5
Shake Milton,PHI,G,4.4,39.1,31.8,0.5,1.3,0.9,0.4,0.4,-0.1,8.6,3.0,3.1,9.6,5.3,48.3,14.7,4.9
Solomon Hill,NOP,F,4.3,38.2,31.7,0.8,2.3,1.3,0.5,0.2,-2.9,8.0,1.77,3.6,10.2,11.1,49.7,10.4,4.2
Bruce Brown,DET,G,4.3,39.8,25.8,0.6,1.9,1.2,0.5,0.5,-0.1,8.7,1.98,3.2,9.2,9.7,46.9,11.3,3.7
Jaron Blossomgame,CLE,F,4.2,44.3,25.6,1.0,2.7,0.5,0.3,0.3,-1.6,4.3,1.18,5.5,16.2,8.1,51.0,12.0,7.8
Glenn Robinson III,DET,G-F,4.2,42.0,29.0,0.4,1.1,0.4,0.3,0.2,-0.2,5.3,1.17,2.6,8.9,7.7,51.1,14.6,5.8
Jerian Grant,ORL,G,4.2,41.8,36.4,0.3,1.3,2.6,0.7,0.1,-2.5,24.2,3.06,1.9,8.3,11.5,52.6,13.0,7.6
Ian Mahinmi,WAS,C,4.1,45.2,18.8,1.4,2.4,0.7,0.7,0.5,-1.0,7.3,1.19,8.8,16.1,11.9,53.1,12.8,6.8
Shaun Livingston,GSW,G,4.0,51.9,0.0,0.7,1.2,1.8,0.5,0.4,0.7,15.4,3.0,4.3,7.1,9.9,55.5,11.8,7.3
Courtney Lee,DAL,G,4.0,41.1,29.1,0.3,1.3,1.1,0.6,0.1,-1.6,13.0,2.64,1.9,10.5,7.4,49.2,15.0,6.8
Cristiano Felicio,CHI,F-C,4.0,53.1,0.0,1.3,2.3,0.6,0.2,0.1,-2.2,7.0,1.12,10.1,18.7,11.8,56.8,13.8,8.6
Pau Gasol,MIL,C-F,3.9,44.7,46.2,0.7,3.8,1.7,0.2,0.5,-1.1,20.9,3.25,5.8,30.4,8.8,52.9,15.1,13.0
Zaza Pachulia,DET,C,3.9,44.0,0.0,1.5,2.4,1.3,0.5,0.3,-1.4,16.1,1.6,10.1,18.4,14.4,53.9,14.7,8.8
Thabo Sefolosha,UTA,F,3.8,47.7,43.6,0.2,2.3,0.5,0.9,0.1,2.5,5.9,1.08,1.4,18.1,11.8,59.9,12.9,9.8
Rawle Alkins,CHI,G,3.7,33.3,25.0,1.1,1.5,1.3,0.1,0.0,-1.3,13.7,1.63,7.7,12.0,12.3,41.8,17.3,5.1
Patrick Patterson,OKC,F,3.6,37.4,33.6,0.7,1.7,0.5,0.3,0.2,-1.7,4.9,1.41,4.3,11.4,7.7,49.3,11.8,6.0
Nene,HOU,C-F,3.6,51.7,0.0,0.8,2.1,0.6,0.4,0.4,2.4,7.0,2.36,5.8,15.2,6.4,55.2,11.4,6.9
Andrew Bogut,GSW,C,3.5,50.0,0.0,1.1,3.9,1.0,0.3,0.7,0.9,10.4,1.38,10.0,29.7,14.3,52.3,14.8,9.2
Isaiah Briscoe,ORL,G,3.5,39.9,32.4,0.1,1.8,2.2,0.3,0.1,0.5,22.6,2.81,0.8,11.1,11.6,45.5,13.9,5.7
Wesley Johnson,WAS,F-G,3.4,35.2,32.9,0.3,1.6,0.6,0.4,0.3,-2.4,5.4,1.28,2.0,10.4,10.2,46.9,11.5,2.9
Jaylen Adams,ATL,G,3.2,34.5,33.8,0.3,1.4,1.9,0.4,0.1,-1.7,20.1,2.32,2.2,10.9,13.6,47.4,13.1,5.5
Tyson Chandler,LAL,C,3.1,61.6,0.0,1.7,3.9,0.7,0.4,0.4,-0.7,5.7,0.88,9.4,21.3,19.1,63.0,8.4,8.5
Dante Cunningham,SAS,F,3.0,47.5,46.2,0.8,2.2,0.8,0.4,0.2,-2.7,7.2,2.27,4.9,14.8,9.2,58.5,8.6,6.7
Gary Clark,HOU,F,2.9,33.1,29.7,0.5,1.8,0.4,0.4,0.5,0.5,4.0,2.57,3.5,14.4,3.9,48.0,10.6,6.1
Dairis Bertans,NOP,G,2.8,25.5,29.4,0.2,0.6,0.8,0.1,0.0,-4.2,7.8,5.0,1.1,3.6,3.4,36.2,12.0,1.3
Patrick McCaw,TOR,G,2.6,41.3,32.1,0.2,1.4,1.0,0.8,0.1,-2.1,9.9,1.71,1.7,10.5,14.7,53.2,9.3,4.9
Ryan Anderson,MIA,F,2.5,30.4,22.5,0.7,1.4,0.8,0.2,0.0,-2.9,8.8,1.36,5.5,11.2,12.8,41.4,12.0,3.6
Jose Calderon,DET,G,2.3,37.5,24.6,0.2,1.0,2.3,0.3,0.1,-3.5,28.2,3.29,1.5,7.8,12.8,45.3,10.4,5.6
Julian Washburn,MEM,F-G,2.2,33.3,20.8,0.4,1.8,0.8,0.7,0.1,-1.2,8.3,2.0,2.7,12.8,9.9,40.2,9.6,5.3
Quincy Acy,PHX,F,1.7,22.2,13.3,0.3,2.2,0.8,0.1,0.4,0.4,8.8,2.0,2.2,15.3,11.4,37.9,8.8,1.7
